"0","# Insert your codes for Task 2B  below"
"0","# To use the model_tree object to predict Status labels in test_data and store them as predict_model_tree, you can use the predict() function in R with type=""class""."
"0",""
"0","predict_model_tree <- predict(model_tree, newdata = test_data, type = ""class"")"
"0","predict_model_tree"
"1","   5 "
"1","  20 "
"1","  24 "
"1","  29 "
"1","  31 "
"1","  35 "
"1","  44 "
"1","  51 "
"1","  54 "
"1","  61 "
"1","  62 "
"1","  72 "
"1","  77 "
"1","  81 "
"1","  86 "
"1","  93 "
"1","  95 "
"1"," 104 "
"1"," 110 "
"1"," 113 "
"1"," 123 "
"1"," 128 "
"1"," 130 "
"1"," 133 "
"1","
"
"1","Good "
"1","Good "
"1","Good "
"1","Good "
"1","Good "
"1","Good "
"1"," Bad "
"1","Good "
"1","Good "
"1","Good "
"1","Good "
"1","Good "
"1","Good "
"1","Good "
"1","Good "
"1","Good "
"1","Good "
"1"," Bad "
"1"," Bad "
"1","Good "
"1"," Bad "
"1","Good "
"1","Good "
"1","Good "
"1","
"
"1"," 135 "
"1"," 137 "
"1"," 138 "
"1"," 145 "
"1"," 147 "
"1"," 149 "
"1"," 152 "
"1"," 160 "
"1"," 161 "
"1"," 164 "
"1"," 165 "
"1"," 169 "
"1"," 171 "
"1"," 173 "
"1"," 180 "
"1"," 181 "
"1"," 184 "
"1"," 185 "
"1"," 194 "
"1"," 202 "
"1"," 208 "
"1"," 216 "
"1"," 218 "
"1"," 219 "
"1","
"
"1"," Bad "
"1"," Bad "
"1","Good "
"1","Good "
"1"," Bad "
"1","Good "
"1","Good "
"1","Good "
"1","Good "
"1"," Bad "
"1","Good "
"1","Good "
"1","Good "
"1","Good "
"1","Good "
"1"," Bad "
"1","Good "
"1"," Bad "
"1","Good "
"1","Good "
"1"," Bad "
"1"," Bad "
"1","Good "
"1","Good "
"1","
"
"1"," 222 "
"1"," 224 "
"1"," 225 "
"1"," 227 "
"1"," 228 "
"1"," 238 "
"1"," 241 "
"1"," 244 "
"1"," 249 "
"1"," 252 "
"1"," 254 "
"1"," 257 "
"1"," 260 "
"1"," 263 "
"1"," 266 "
"1"," 268 "
"1"," 272 "
"1"," 275 "
"1"," 277 "
"1"," 282 "
"1"," 290 "
"1"," 303 "
"1"," 304 "
"1"," 305 "
"1","
"
"1","Good "
"1","Good "
"1","Good "
"1","Good "
"1","Good "
"1","Good "
"1","Good "
"1","Good "
"1","Good "
"1"," Bad "
"1","Good "
"1","Good "
"1"," Bad "
"1","Good "
"1","Good "
"1","Good "
"1","Good "
"1","Good "
"1","Good "
"1","Good "
"1","Good "
"1","Good "
"1","Good "
"1","Good "
"1","
"
"1"," 306 "
"1"," 312 "
"1"," 329 "
"1"," 332 "
"1"," 333 "
"1"," 335 "
"1"," 340 "
"1"," 342 "
"1"," 345 "
"1"," 347 "
"1"," 348 "
"1"," 349 "
"1"," 354 "
"1"," 358 "
"1"," 363 "
"1"," 369 "
"1"," 373 "
"1"," 374 "
"1"," 390 "
"1"," 392 "
"1"," 396 "
"1"," 402 "
"1"," 405 "
"1"," 406 "
"1","
"
"1","Good "
"1","Good "
"1"," Bad "
"1","Good "
"1","Good "
"1","Good "
"1","Good "
"1","Good "
"1","Good "
"1"," Bad "
"1","Good "
"1","Good "
"1","Good "
"1","Good "
"1","Good "
"1","Good "
"1","Good "
"1","Good "
"1","Good "
"1","Good "
"1","Good "
"1"," Bad "
"1","Good "
"1","Good "
"1","
"
"1"," 410 "
"1"," 416 "
"1"," 419 "
"1"," 422 "
"1"," 424 "
"1"," 425 "
"1"," 429 "
"1"," 434 "
"1"," 438 "
"1"," 439 "
"1"," 440 "
"1"," 441 "
"1"," 442 "
"1"," 443 "
"1"," 444 "
"1"," 448 "
"1"," 453 "
"1"," 462 "
"1"," 473 "
"1"," 477 "
"1"," 478 "
"1"," 487 "
"1"," 488 "
"1"," 490 "
"1","
"
"1","Good "
"1"," Bad "
"1"," Bad "
"1","Good "
"1"," Bad "
"1","Good "
"1","Good "
"1","Good "
"1","Good "
"1"," Bad "
"1","Good "
"1","Good "
"1","Good "
"1","Good "
"1"," Bad "
"1"," Bad "
"1","Good "
"1","Good "
"1","Good "
"1","Good "
"1","Good "
"1","Good "
"1","Good "
"1","Good "
"1","
"
"1"," 491 "
"1"," 492 "
"1"," 493 "
"1"," 501 "
"1"," 502 "
"1"," 504 "
"1"," 505 "
"1"," 508 "
"1"," 509 "
"1"," 510 "
"1"," 519 "
"1"," 524 "
"1"," 529 "
"1"," 536 "
"1"," 537 "
"1"," 540 "
"1"," 545 "
"1"," 547 "
"1"," 549 "
"1"," 551 "
"1"," 554 "
"1"," 556 "
"1"," 557 "
"1"," 558 "
"1","
"
"1","Good "
"1","Good "
"1","Good "
"1","Good "
"1"," Bad "
"1","Good "
"1"," Bad "
"1","Good "
"1"," Bad "
"1","Good "
"1","Good "
"1"," Bad "
"1","Good "
"1","Good "
"1","Good "
"1","Good "
"1","Good "
"1","Good "
"1","Good "
"1","Good "
"1","Good "
"1","Good "
"1"," Bad "
"1","Good "
"1","
"
"1"," 563 "
"1"," 565 "
"1"," 568 "
"1"," 569 "
"1"," 571 "
"1"," 575 "
"1"," 576 "
"1"," 582 "
"1"," 589 "
"1"," 599 "
"1"," 601 "
"1"," 605 "
"1"," 609 "
"1"," 610 "
"1"," 616 "
"1"," 619 "
"1"," 621 "
"1"," 624 "
"1"," 627 "
"1"," 631 "
"1"," 633 "
"1"," 650 "
"1"," 652 "
"1"," 655 "
"1","
"
"1","Good "
"1"," Bad "
"1","Good "
"1","Good "
"1","Good "
"1"," Bad "
"1","Good "
"1"," Bad "
"1","Good "
"1"," Bad "
"1","Good "
"1","Good "
"1","Good "
"1"," Bad "
"1","Good "
"1","Good "
"1","Good "
"1","Good "
"1","Good "
"1","Good "
"1","Good "
"1"," Bad "
"1","Good "
"1"," Bad "
"1","
"
"1"," 657 "
"1"," 658 "
"1"," 667 "
"1"," 673 "
"1"," 682 "
"1"," 684 "
"1"," 685 "
"1"," 688 "
"1"," 689 "
"1"," 691 "
"1"," 703 "
"1"," 709 "
"1"," 710 "
"1"," 713 "
"1"," 717 "
"1"," 723 "
"1"," 728 "
"1"," 730 "
"1"," 731 "
"1"," 740 "
"1"," 752 "
"1"," 753 "
"1"," 757 "
"1"," 759 "
"1","
"
"1","Good "
"1","Good "
"1"," Bad "
"1","Good "
"1"," Bad "
"1","Good "
"1","Good "
"1"," Bad "
"1"," Bad "
"1"," Bad "
"1","Good "
"1","Good "
"1","Good "
"1","Good "
"1"," Bad "
"1","Good "
"1"," Bad "
"1","Good "
"1","Good "
"1","Good "
"1","Good "
"1"," Bad "
"1"," Bad "
"1","Good "
"1","
"
"1"," 762 "
"1"," 768 "
"1"," 769 "
"1"," 770 "
"1"," 771 "
"1"," 775 "
"1"," 777 "
"1"," 779 "
"1"," 780 "
"1"," 782 "
"1"," 783 "
"1"," 790 "
"1"," 793 "
"1"," 798 "
"1"," 803 "
"1"," 805 "
"1"," 807 "
"1"," 819 "
"1"," 821 "
"1"," 822 "
"1"," 824 "
"1"," 832 "
"1"," 855 "
"1"," 864 "
"1","
"
"1"," Bad "
"1"," Bad "
"1","Good "
"1","Good "
"1","Good "
"1","Good "
"1","Good "
"1","Good "
"1","Good "
"1"," Bad "
"1"," Bad "
"1","Good "
"1","Good "
"1"," Bad "
"1","Good "
"1"," Bad "
"1"," Bad "
"1","Good "
"1"," Bad "
"1","Good "
"1","Good "
"1"," Bad "
"1","Good "
"1","Good "
"1","
"
"1"," 865 "
"1"," 869 "
"1"," 870 "
"1"," 875 "
"1"," 880 "
"1"," 881 "
"1"," 883 "
"1"," 885 "
"1"," 886 "
"1"," 887 "
"1"," 903 "
"1"," 906 "
"1"," 908 "
"1"," 913 "
"1"," 914 "
"1"," 915 "
"1"," 919 "
"1"," 921 "
"1"," 922 "
"1"," 926 "
"1"," 929 "
"1"," 940 "
"1"," 945 "
"1"," 950 "
"1","
"
"1","Good "
"1","Good "
"1","Good "
"1"," Bad "
"1"," Bad "
"1","Good "
"1","Good "
"1","Good "
"1"," Bad "
"1"," Bad "
"1","Good "
"1","Good "
"1","Good "
"1","Good "
"1"," Bad "
"1","Good "
"1","Good "
"1","Good "
"1","Good "
"1","Good "
"1","Good "
"1"," Bad "
"1"," Bad "
"1","Good "
"1","
"
"1"," 954 "
"1"," 958 "
"1"," 967 "
"1"," 980 "
"1"," 984 "
"1"," 988 "
"1"," 991 "
"1"," 994 "
"1"," 995 "
"1"," 999 "
"1","1004 "
"1","1007 "
"1","1011 "
"1","1015 "
"1","1022 "
"1","1030 "
"1","1032 "
"1","1033 "
"1","1037 "
"1","1038 "
"1","1045 "
"1","1046 "
"1","1047 "
"1","1048 "
"1","
"
"1"," Bad "
"1","Good "
"1"," Bad "
"1","Good "
"1","Good "
"1","Good "
"1"," Bad "
"1","Good "
"1","Good "
"1","Good "
"1"," Bad "
"1","Good "
"1","Good "
"1"," Bad "
"1"," Bad "
"1","Good "
"1","Good "
"1","Good "
"1"," Bad "
"1","Good "
"1"," Bad "
"1"," Bad "
"1","Good "
"1"," Bad "
"1","
"
"1","1049 "
"1","1050 "
"1","1057 "
"1","1058 "
"1","1063 "
"1","1068 "
"1","1080 "
"1","1091 "
"1","1093 "
"1","1095 "
"1","1098 "
"1","1112 "
"1","1114 "
"1","1116 "
"1","1119 "
"1","1124 "
"1","1125 "
"1","1131 "
"1","1134 "
"1","1137 "
"1","1145 "
"1","1147 "
"1","1153 "
"1","1155 "
"1","
"
"1","Good "
"1","Good "
"1","Good "
"1","Good "
"1","Good "
"1","Good "
"1","Good "
"1"," Bad "
"1","Good "
"1","Good "
"1"," Bad "
"1","Good "
"1","Good "
"1","Good "
"1","Good "
"1"," Bad "
"1","Good "
"1","Good "
"1","Good "
"1","Good "
"1","Good "
"1"," Bad "
"1","Good "
"1","Good "
"1","
"
"1","1165 "
"1","1166 "
"1","1167 "
"1","1171 "
"1","1173 "
"1","1178 "
"1","1180 "
"1","1182 "
"1","1183 "
"1","1185 "
"1","1190 "
"1","1192 "
"1","1194 "
"1","1202 "
"1","1205 "
"1","1206 "
"1","1207 "
"1","1211 "
"1","1215 "
"1","1218 "
"1","1219 "
"1","1222 "
"1","1224 "
"1","1225 "
"1","
"
"1","Good "
"1","Good "
"1","Good "
"1","Good "
"1","Good "
"1","Good "
"1","Good "
"1"," Bad "
"1","Good "
"1"," Bad "
"1","Good "
"1"," Bad "
"1","Good "
"1","Good "
"1","Good "
"1","Good "
"1","Good "
"1"," Bad "
"1","Good "
"1","Good "
"1","Good "
"1","Good "
"1","Good "
"1","Good "
"1","
"
"1","1228 "
"1","1241 "
"1","1242 "
"1","1245 "
"1","1246 "
"1","1247 "
"1","1257 "
"1","1261 "
"1","1262 "
"1","1271 "
"1","1274 "
"1","1275 "
"1","1287 "
"1","1288 "
"1","1290 "
"1","1294 "
"1","1295 "
"1","1296 "
"1","1298 "
"1","1302 "
"1","1309 "
"1","1310 "
"1","1313 "
"1","1317 "
"1","
"
"1","Good "
"1","Good "
"1","Good "
"1","Good "
"1","Good "
"1","Good "
"1","Good "
"1"," Bad "
"1","Good "
"1","Good "
"1"," Bad "
"1"," Bad "
"1","Good "
"1","Good "
"1"," Bad "
"1","Good "
"1"," Bad "
"1","Good "
"1","Good "
"1","Good "
"1","Good "
"1","Good "
"1","Good "
"1","Good "
"1","
"
"1","1323 "
"1","1325 "
"1","1328 "
"1","1330 "
"1","1332 "
"1","1334 "
"1","1335 "
"1","1336 "
"1","1337 "
"1","1338 "
"1","1347 "
"1","1351 "
"1","1353 "
"1","1354 "
"1","1358 "
"1","1359 "
"1","1360 "
"1","1362 "
"1","1365 "
"1","1371 "
"1","1374 "
"1","1375 "
"1","1380 "
"1","1382 "
"1","
"
"1","Good "
"1"," Bad "
"1","Good "
"1","Good "
"1","Good "
"1","Good "
"1"," Bad "
"1","Good "
"1","Good "
"1","Good "
"1","Good "
"1","Good "
"1","Good "
"1"," Bad "
"1"," Bad "
"1"," Bad "
"1","Good "
"1","Good "
"1","Good "
"1"," Bad "
"1","Good "
"1"," Bad "
"1"," Bad "
"1"," Bad "
"1","
"
"1","1389 "
"1","1390 "
"1","1391 "
"1","1393 "
"1","1396 "
"1","1397 "
"1","1403 "
"1","1406 "
"1","1408 "
"1","1409 "
"1","1410 "
"1","1411 "
"1","1413 "
"1","1415 "
"1","1416 "
"1","1417 "
"1","1425 "
"1","1427 "
"1","1428 "
"1","1430 "
"1","1431 "
"1","1440 "
"1","1442 "
"1","1445 "
"1","
"
"1","Good "
"1","Good "
"1"," Bad "
"1"," Bad "
"1"," Bad "
"1","Good "
"1","Good "
"1","Good "
"1","Good "
"1","Good "
"1","Good "
"1","Good "
"1","Good "
"1","Good "
"1","Good "
"1","Good "
"1","Good "
"1"," Bad "
"1","Good "
"1","Good "
"1","Good "
"1","Good "
"1","Good "
"1","Good "
"1","
"
"1","1446 "
"1","1455 "
"1","1474 "
"1","1476 "
"1","1478 "
"1","1488 "
"1","1492 "
"1","1500 "
"1","1502 "
"1","1504 "
"1","1508 "
"1","1512 "
"1","1517 "
"1","1519 "
"1","1528 "
"1","1530 "
"1","1531 "
"1","1537 "
"1","1538 "
"1","1543 "
"1","1545 "
"1","1546 "
"1","1556 "
"1","1557 "
"1","
"
"1","Good "
"1","Good "
"1","Good "
"1","Good "
"1","Good "
"1"," Bad "
"1","Good "
"1","Good "
"1","Good "
"1"," Bad "
"1"," Bad "
"1","Good "
"1"," Bad "
"1","Good "
"1"," Bad "
"1","Good "
"1","Good "
"1","Good "
"1","Good "
"1"," Bad "
"1","Good "
"1","Good "
"1"," Bad "
"1","Good "
"1","
"
"1","1560 "
"1","1562 "
"1","1572 "
"1","1573 "
"1","1578 "
"1","1584 "
"1","1586 "
"1","1590 "
"1","1591 "
"1","1593 "
"1","1604 "
"1","1605 "
"1","1611 "
"1","1613 "
"1","1614 "
"1","1618 "
"1","1621 "
"1","1622 "
"1","1628 "
"1","1632 "
"1","1636 "
"1","1638 "
"1","1639 "
"1","1642 "
"1","
"
"1","Good "
"1","Good "
"1"," Bad "
"1","Good "
"1","Good "
"1","Good "
"1","Good "
"1","Good "
"1","Good "
"1"," Bad "
"1","Good "
"1"," Bad "
"1","Good "
"1","Good "
"1","Good "
"1","Good "
"1","Good "
"1"," Bad "
"1","Good "
"1","Good "
"1","Good "
"1","Good "
"1","Good "
"1"," Bad "
"1","
"
"1","1654 "
"1","1655 "
"1","1661 "
"1","1665 "
"1","1668 "
"1","1669 "
"1","1680 "
"1","1689 "
"1","1690 "
"1","1691 "
"1","1697 "
"1","1705 "
"1","1715 "
"1","1719 "
"1","1720 "
"1","1722 "
"1","1724 "
"1","1728 "
"1","1732 "
"1","1740 "
"1","1750 "
"1","1751 "
"1","1757 "
"1","1759 "
"1","
"
"1","Good "
"1"," Bad "
"1","Good "
"1"," Bad "
"1","Good "
"1","Good "
"1"," Bad "
"1","Good "
"1","Good "
"1","Good "
"1","Good "
"1"," Bad "
"1","Good "
"1","Good "
"1","Good "
"1","Good "
"1"," Bad "
"1","Good "
"1","Good "
"1"," Bad "
"1"," Bad "
"1","Good "
"1","Good "
"1","Good "
"1","
"
"1","1767 "
"1","1768 "
"1","1772 "
"1","1776 "
"1","1778 "
"1","1794 "
"1","1795 "
"1","1800 "
"1","1801 "
"1","1804 "
"1","1810 "
"1","1814 "
"1","1816 "
"1","1823 "
"1","1831 "
"1","1834 "
"1","1836 "
"1","1840 "
"1","1841 "
"1","1846 "
"1","1847 "
"1","1853 "
"1","1854 "
"1","1860 "
"1","
"
"1"," Bad "
"1","Good "
"1","Good "
"1","Good "
"1","Good "
"1","Good "
"1","Good "
"1","Good "
"1","Good "
"1","Good "
"1"," Bad "
"1","Good "
"1","Good "
"1","Good "
"1","Good "
"1","Good "
"1","Good "
"1"," Bad "
"1","Good "
"1"," Bad "
"1","Good "
"1","Good "
"1"," Bad "
"1","Good "
"1","
"
"1","1861 "
"1","1862 "
"1","1865 "
"1","1867 "
"1","1871 "
"1","1879 "
"1","1884 "
"1","1886 "
"1","1890 "
"1","1896 "
"1","1904 "
"1","1905 "
"1","1906 "
"1","1913 "
"1","1918 "
"1","1919 "
"1","1921 "
"1","1925 "
"1","1929 "
"1","1935 "
"1","1936 "
"1","1957 "
"1","1958 "
"1","1961 "
"1","
"
"1"," Bad "
"1","Good "
"1","Good "
"1","Good "
"1","Good "
"1"," Bad "
"1","Good "
"1"," Bad "
"1","Good "
"1","Good "
"1","Good "
"1","Good "
"1"," Bad "
"1","Good "
"1","Good "
"1","Good "
"1","Good "
"1","Good "
"1","Good "
"1","Good "
"1"," Bad "
"1","Good "
"1","Good "
"1","Good "
"1","
"
"1","1964 "
"1","1977 "
"1","1981 "
"1","1984 "
"1","1987 "
"1","1990 "
"1","1994 "
"1","1995 "
"1","1997 "
"1","1999 "
"1","2008 "
"1","2014 "
"1","2016 "
"1","2017 "
"1","2020 "
"1","2026 "
"1","2035 "
"1","2041 "
"1","2043 "
"1","2046 "
"1","2048 "
"1","2049 "
"1","2051 "
"1","2054 "
"1","
"
"1","Good "
"1"," Bad "
"1"," Bad "
"1","Good "
"1"," Bad "
"1","Good "
"1","Good "
"1"," Bad "
"1","Good "
"1","Good "
"1","Good "
"1","Good "
"1"," Bad "
"1","Good "
"1","Good "
"1","Good "
"1","Good "
"1","Good "
"1"," Bad "
"1","Good "
"1","Good "
"1","Good "
"1","Good "
"1","Good "
"1","
"
"1","2059 "
"1","2060 "
"1","2062 "
"1","2063 "
"1","2065 "
"1","2066 "
"1","2069 "
"1","2072 "
"1","2080 "
"1","2081 "
"1","2084 "
"1","2091 "
"1","2093 "
"1","2095 "
"1","2099 "
"1","2105 "
"1","2106 "
"1","2112 "
"1","2117 "
"1","2119 "
"1","2120 "
"1","2123 "
"1","2129 "
"1","2131 "
"1","
"
"1","Good "
"1"," Bad "
"1","Good "
"1","Good "
"1"," Bad "
"1","Good "
"1","Good "
"1","Good "
"1","Good "
"1","Good "
"1"," Bad "
"1"," Bad "
"1"," Bad "
"1","Good "
"1"," Bad "
"1","Good "
"1","Good "
"1","Good "
"1","Good "
"1","Good "
"1","Good "
"1","Good "
"1","Good "
"1","Good "
"1","
"
"1","2138 "
"1","2143 "
"1","2144 "
"1","2147 "
"1","2148 "
"1","2150 "
"1","2152 "
"1","2154 "
"1","2155 "
"1","2159 "
"1","2165 "
"1","2167 "
"1","2173 "
"1","2177 "
"1","2186 "
"1","2187 "
"1","2191 "
"1","2193 "
"1","2195 "
"1","2196 "
"1","2200 "
"1","2201 "
"1","2214 "
"1","2215 "
"1","
"
"1","Good "
"1"," Bad "
"1"," Bad "
"1","Good "
"1","Good "
"1","Good "
"1","Good "
"1"," Bad "
"1"," Bad "
"1","Good "
"1","Good "
"1"," Bad "
"1","Good "
"1","Good "
"1"," Bad "
"1"," Bad "
"1"," Bad "
"1","Good "
"1","Good "
"1","Good "
"1","Good "
"1"," Bad "
"1","Good "
"1","Good "
"1","
"
"1","2216 "
"1","2218 "
"1","2226 "
"1","2263 "
"1","2266 "
"1","2267 "
"1","2268 "
"1","2271 "
"1","2279 "
"1","2284 "
"1","2289 "
"1","2293 "
"1","2303 "
"1","2310 "
"1","2312 "
"1","2313 "
"1","2328 "
"1","2330 "
"1","2344 "
"1","2349 "
"1","2354 "
"1","2357 "
"1","2358 "
"1","2364 "
"1","
"
"1","Good "
"1"," Bad "
"1","Good "
"1","Good "
"1","Good "
"1"," Bad "
"1","Good "
"1","Good "
"1","Good "
"1","Good "
"1","Good "
"1"," Bad "
"1","Good "
"1","Good "
"1","Good "
"1"," Bad "
"1","Good "
"1","Good "
"1","Good "
"1","Good "
"1","Good "
"1"," Bad "
"1","Good "
"1","Good "
"1","
"
"1","2367 "
"1","2372 "
"1","2376 "
"1","2378 "
"1","2387 "
"1","2396 "
"1","2400 "
"1","2405 "
"1","2416 "
"1","2421 "
"1","2428 "
"1","2430 "
"1","2434 "
"1","2437 "
"1","2440 "
"1","2443 "
"1","2448 "
"1","2453 "
"1","2459 "
"1","2463 "
"1","2464 "
"1","2472 "
"1","2478 "
"1","2483 "
"1","
"
"1","Good "
"1","Good "
"1","Good "
"1","Good "
"1","Good "
"1"," Bad "
"1","Good "
"1","Good "
"1","Good "
"1","Good "
"1","Good "
"1","Good "
"1"," Bad "
"1"," Bad "
"1"," Bad "
"1","Good "
"1","Good "
"1","Good "
"1"," Bad "
"1","Good "
"1","Good "
"1","Good "
"1","Good "
"1","Good "
"1","
"
"1","2486 "
"1","2487 "
"1","2491 "
"1","2494 "
"1","2498 "
"1","2499 "
"1","2504 "
"1","2516 "
"1","2517 "
"1","2525 "
"1","2526 "
"1","2538 "
"1","2539 "
"1","2543 "
"1","2547 "
"1","2551 "
"1","2559 "
"1","2561 "
"1","2563 "
"1","2565 "
"1","2568 "
"1","2569 "
"1","2571 "
"1","2572 "
"1","
"
"1","Good "
"1","Good "
"1","Good "
"1","Good "
"1"," Bad "
"1","Good "
"1","Good "
"1","Good "
"1","Good "
"1","Good "
"1"," Bad "
"1","Good "
"1","Good "
"1","Good "
"1"," Bad "
"1","Good "
"1","Good "
"1"," Bad "
"1","Good "
"1","Good "
"1","Good "
"1","Good "
"1"," Bad "
"1"," Bad "
"1","
"
"1","2576 "
"1","2580 "
"1","2581 "
"1","2602 "
"1","2608 "
"1","2615 "
"1","2632 "
"1","2634 "
"1","2636 "
"1","2642 "
"1","2647 "
"1","2661 "
"1","2668 "
"1","2674 "
"1","2675 "
"1","2680 "
"1","2683 "
"1","2687 "
"1","2694 "
"1","2695 "
"1","2696 "
"1","2700 "
"1","2707 "
"1","2709 "
"1","
"
"1","Good "
"1","Good "
"1"," Bad "
"1","Good "
"1","Good "
"1"," Bad "
"1"," Bad "
"1"," Bad "
"1","Good "
"1","Good "
"1","Good "
"1","Good "
"1"," Bad "
"1"," Bad "
"1","Good "
"1"," Bad "
"1"," Bad "
"1","Good "
"1"," Bad "
"1","Good "
"1"," Bad "
"1","Good "
"1"," Bad "
"1","Good "
"1","
"
"1","2710 "
"1","2713 "
"1","2715 "
"1","2717 "
"1","2725 "
"1","2728 "
"1","2737 "
"1","2741 "
"1","2743 "
"1","2746 "
"1","2748 "
"1","2754 "
"1","2755 "
"1","2763 "
"1","2766 "
"1","2767 "
"1","2773 "
"1","2781 "
"1","2797 "
"1","2802 "
"1","2816 "
"1","2817 "
"1","2820 "
"1","2828 "
"1","
"
"1","Good "
"1","Good "
"1","Good "
"1","Good "
"1"," Bad "
"1","Good "
"1","Good "
"1","Good "
"1","Good "
"1","Good "
"1","Good "
"1","Good "
"1"," Bad "
"1"," Bad "
"1","Good "
"1","Good "
"1"," Bad "
"1","Good "
"1","Good "
"1","Good "
"1","Good "
"1","Good "
"1","Good "
"1","Good "
"1","
"
"1","2831 "
"1","2833 "
"1","2837 "
"1","2842 "
"1","2849 "
"1","2851 "
"1","2853 "
"1","2854 "
"1","2856 "
"1","2862 "
"1","2870 "
"1","2877 "
"1","2880 "
"1","2883 "
"1","2886 "
"1","2888 "
"1","2896 "
"1","2897 "
"1","2901 "
"1","2902 "
"1","2908 "
"1","2914 "
"1","2925 "
"1","2931 "
"1","
"
"1"," Bad "
"1"," Bad "
"1","Good "
"1"," Bad "
"1","Good "
"1"," Bad "
"1","Good "
"1","Good "
"1","Good "
"1","Good "
"1","Good "
"1","Good "
"1"," Bad "
"1","Good "
"1","Good "
"1","Good "
"1","Good "
"1","Good "
"1","Good "
"1","Good "
"1","Good "
"1","Good "
"1","Good "
"1","Good "
"1","
"
"1","2933 "
"1","2936 "
"1","2939 "
"1","2945 "
"1","2946 "
"1","2947 "
"1","2949 "
"1","2950 "
"1","2958 "
"1","2970 "
"1","2975 "
"1","2978 "
"1","2981 "
"1","2993 "
"1","2997 "
"1","3002 "
"1","3007 "
"1","3010 "
"1","3012 "
"1","3016 "
"1","3017 "
"1","3018 "
"1","3023 "
"1","3039 "
"1","
"
"1","Good "
"1"," Bad "
"1"," Bad "
"1","Good "
"1","Good "
"1","Good "
"1"," Bad "
"1"," Bad "
"1","Good "
"1","Good "
"1","Good "
"1","Good "
"1","Good "
"1"," Bad "
"1","Good "
"1","Good "
"1","Good "
"1","Good "
"1","Good "
"1"," Bad "
"1","Good "
"1","Good "
"1"," Bad "
"1","Good "
"1","
"
"1","3046 "
"1","3050 "
"1","3052 "
"1","3054 "
"1","3061 "
"1","3066 "
"1","3067 "
"1","3069 "
"1","3074 "
"1","3086 "
"1","3101 "
"1","3107 "
"1","3108 "
"1","3111 "
"1","3113 "
"1","3127 "
"1","3128 "
"1","3135 "
"1","3142 "
"1","3144 "
"1","3146 "
"1","3151 "
"1","3159 "
"1","3162 "
"1","
"
"1","Good "
"1","Good "
"1","Good "
"1"," Bad "
"1","Good "
"1","Good "
"1"," Bad "
"1","Good "
"1","Good "
"1"," Bad "
"1","Good "
"1","Good "
"1","Good "
"1"," Bad "
"1","Good "
"1","Good "
"1","Good "
"1","Good "
"1"," Bad "
"1"," Bad "
"1","Good "
"1","Good "
"1","Good "
"1"," Bad "
"1","
"
"1","3170 "
"1","3171 "
"1","3176 "
"1","3177 "
"1","3187 "
"1","3192 "
"1","3197 "
"1","3200 "
"1","3205 "
"1","3206 "
"1","3207 "
"1","3211 "
"1","3212 "
"1","3215 "
"1","3226 "
"1","3228 "
"1","3230 "
"1","3232 "
"1","3237 "
"1","3238 "
"1","3240 "
"1","3242 "
"1","3251 "
"1","3256 "
"1","
"
"1"," Bad "
"1","Good "
"1"," Bad "
"1","Good "
"1"," Bad "
"1"," Bad "
"1","Good "
"1"," Bad "
"1","Good "
"1","Good "
"1"," Bad "
"1"," Bad "
"1","Good "
"1","Good "
"1","Good "
"1"," Bad "
"1"," Bad "
"1","Good "
"1"," Bad "
"1"," Bad "
"1","Good "
"1"," Bad "
"1"," Bad "
"1","Good "
"1","
"
"1","3263 "
"1","3264 "
"1","3266 "
"1","3268 "
"1","3271 "
"1","3272 "
"1","3273 "
"1","3278 "
"1","3281 "
"1","3287 "
"1","3293 "
"1","3294 "
"1","3297 "
"1","3299 "
"1","3301 "
"1","3317 "
"1","3323 "
"1","3333 "
"1","3336 "
"1","3337 "
"1","3341 "
"1","3344 "
"1","3349 "
"1","3350 "
"1","
"
"1","Good "
"1","Good "
"1"," Bad "
"1","Good "
"1","Good "
"1"," Bad "
"1","Good "
"1"," Bad "
"1","Good "
"1","Good "
"1","Good "
"1","Good "
"1","Good "
"1","Good "
"1","Good "
"1","Good "
"1","Good "
"1","Good "
"1","Good "
"1"," Bad "
"1"," Bad "
"1"," Bad "
"1","Good "
"1","Good "
"1","
"
"1","3355 "
"1","3361 "
"1","3364 "
"1","3370 "
"1","3378 "
"1","3380 "
"1","3389 "
"1","3394 "
"1","3399 "
"1","3402 "
"1","3405 "
"1","3407 "
"1","3411 "
"1","3419 "
"1","3420 "
"1","3423 "
"1","3425 "
"1","3428 "
"1","3429 "
"1","3430 "
"1","3437 "
"1","3439 "
"1","3443 "
"1","3445 "
"1","
"
"1"," Bad "
"1","Good "
"1","Good "
"1","Good "
"1","Good "
"1","Good "
"1","Good "
"1","Good "
"1"," Bad "
"1","Good "
"1","Good "
"1"," Bad "
"1"," Bad "
"1","Good "
"1","Good "
"1","Good "
"1"," Bad "
"1","Good "
"1","Good "
"1","Good "
"1","Good "
"1","Good "
"1","Good "
"1","Good "
"1","
"
"1","3446 "
"1","3447 "
"1","3453 "
"1","3457 "
"1","3459 "
"1","3462 "
"1","3464 "
"1","3467 "
"1","3470 "
"1","3472 "
"1","3479 "
"1","3480 "
"1","3486 "
"1","3487 "
"1","3489 "
"1","3496 "
"1","3512 "
"1","3520 "
"1","3527 "
"1","3530 "
"1","3532 "
"1","3536 "
"1","3545 "
"1","3551 "
"1","
"
"1"," Bad "
"1","Good "
"1"," Bad "
"1"," Bad "
"1","Good "
"1"," Bad "
"1"," Bad "
"1","Good "
"1"," Bad "
"1","Good "
"1"," Bad "
"1","Good "
"1","Good "
"1","Good "
"1","Good "
"1","Good "
"1","Good "
"1","Good "
"1","Good "
"1"," Bad "
"1"," Bad "
"1"," Bad "
"1","Good "
"1","Good "
"1","
"
"1","3558 "
"1","3567 "
"1","3573 "
"1","3581 "
"1","3584 "
"1","3588 "
"1","3589 "
"1","3593 "
"1","3596 "
"1","3603 "
"1","3612 "
"1","3614 "
"1","3616 "
"1","3618 "
"1","3622 "
"1","3625 "
"1","3630 "
"1","3634 "
"1","3635 "
"1","3637 "
"1","3638 "
"1","3640 "
"1","3641 "
"1","3646 "
"1","
"
"1","Good "
"1","Good "
"1","Good "
"1","Good "
"1","Good "
"1","Good "
"1"," Bad "
"1","Good "
"1","Good "
"1","Good "
"1","Good "
"1"," Bad "
"1","Good "
"1","Good "
"1","Good "
"1","Good "
"1","Good "
"1"," Bad "
"1","Good "
"1"," Bad "
"1"," Bad "
"1","Good "
"1"," Bad "
"1","Good "
"1","
"
"1","3649 "
"1","3652 "
"1","3657 "
"1","3665 "
"1","3668 "
"1","3669 "
"1","3674 "
"1","3678 "
"1","3679 "
"1","3681 "
"1","3682 "
"1","3685 "
"1","3686 "
"1","3690 "
"1","3691 "
"1","3692 "
"1","3700 "
"1","3706 "
"1","3708 "
"1","3709 "
"1","3719 "
"1","3730 "
"1","3738 "
"1","3740 "
"1","
"
"1"," Bad "
"1","Good "
"1"," Bad "
"1","Good "
"1"," Bad "
"1","Good "
"1","Good "
"1","Good "
"1","Good "
"1","Good "
"1","Good "
"1","Good "
"1","Good "
"1"," Bad "
"1","Good "
"1"," Bad "
"1","Good "
"1"," Bad "
"1","Good "
"1","Good "
"1","Good "
"1","Good "
"1","Good "
"1","Good "
"1","
"
"1","3741 "
"1","3747 "
"1","3750 "
"1","3753 "
"1","3757 "
"1","3761 "
"1","3765 "
"1","3771 "
"1","3773 "
"1","3776 "
"1","3784 "
"1","3799 "
"1","3802 "
"1","3805 "
"1","3809 "
"1","3817 "
"1","3818 "
"1","3823 "
"1","3826 "
"1","3827 "
"1","3833 "
"1","3842 "
"1","3843 "
"1","3845 "
"1","
"
"1","Good "
"1","Good "
"1"," Bad "
"1"," Bad "
"1"," Bad "
"1"," Bad "
"1","Good "
"1","Good "
"1","Good "
"1","Good "
"1"," Bad "
"1","Good "
"1","Good "
"1","Good "
"1","Good "
"1"," Bad "
"1","Good "
"1","Good "
"1"," Bad "
"1","Good "
"1"," Bad "
"1"," Bad "
"1","Good "
"1","Good "
"1","
"
"1","3852 "
"1","3858 "
"1","3862 "
"1","3863 "
"1","3867 "
"1","3871 "
"1","3873 "
"1","3877 "
"1","3881 "
"1","3885 "
"1","3888 "
"1","3891 "
"1","3901 "
"1","3915 "
"1","3920 "
"1","3921 "
"1","3931 "
"1","3935 "
"1","3939 "
"1","3940 "
"1","3946 "
"1","3956 "
"1","3958 "
"1","3964 "
"1","
"
"1"," Bad "
"1","Good "
"1"," Bad "
"1","Good "
"1","Good "
"1"," Bad "
"1","Good "
"1"," Bad "
"1","Good "
"1"," Bad "
"1"," Bad "
"1","Good "
"1","Good "
"1","Good "
"1"," Bad "
"1","Good "
"1","Good "
"1"," Bad "
"1","Good "
"1"," Bad "
"1"," Bad "
"1"," Bad "
"1","Good "
"1","Good "
"1","
"
"1","3967 "
"1","3969 "
"1","3973 "
"1","3975 "
"1","3978 "
"1","3981 "
"1","3983 "
"1","3984 "
"1","3995 "
"1","3998 "
"1","3999 "
"1","4000 "
"1","4005 "
"1","4007 "
"1","4008 "
"1","4009 "
"1","4010 "
"1","4011 "
"1","4014 "
"1","4015 "
"1","4018 "
"1","4019 "
"1","4020 "
"1","4022 "
"1","
"
"1"," Bad "
"1","Good "
"1","Good "
"1","Good "
"1","Good "
"1"," Bad "
"1","Good "
"1","Good "
"1","Good "
"1","Good "
"1","Good "
"1","Good "
"1","Good "
"1","Good "
"1","Good "
"1","Good "
"1","Good "
"1"," Bad "
"1"," Bad "
"1","Good "
"1"," Bad "
"1"," Bad "
"1","Good "
"1"," Bad "
"1","
"
"1","4027 "
"1","4029 "
"1","4033 "
"1","4034 "
"1","4038 "
"1","4042 "
"1","4046 "
"1","4052 "
"1","4054 "
"1","4055 "
"1","4059 "
"1","4060 "
"1","4073 "
"1","4078 "
"1","4079 "
"1","4088 "
"1","
"
"1","Good "
"1","Good "
"1","Good "
"1","Good "
"1"," Bad "
"1","Good "
"1","Good "
"1","Good "
"1","Good "
"1","Good "
"1","Good "
"1"," Bad "
"1","Good "
"1"," Bad "
"1","Good "
"1"," Bad "
"1","
"
"1"," [ reached getOption(""max.print"") -- omitted 93 entries ]
"
"1",""
"1","Levels: "
"1",""
"1","Good Bad"
"1",""
"1","
"
